source,url,text
Reddit,https://www.reddit.com/r/FuckBlinkit/comments/1u1yg9s/never_buy_electronic_item_from_blinkit/,So I ordered PS5 of ₹ 55000 from blinkit 15 days ago with cc and delivery guy brought it to my home and then blinkit canceled it without handing me over... blinkit wasn't in mood of initiating the refund and their customer support is nothing but full of laying BOT people.
Reddit,https://www.reddit.com/r/pune/comments/1hxicgo/should_i_buy_electronics_eg_vaccume_cleaner_from/,Suggestion - comparing to Amazon and flipkart the items felt substandard. Have bought multiple electronic items... Return policies for electronics is 7 days on blinkit as it shows on app.
Reddit,https://www.reddit.com/r/Chennai/comments/1inkbgs/is_it_safe_to_buy_electronic_items_on_zeptoblinkit/,"They're good but the replacement or return policy is slightly sus as it is taken care by the manufacturer and not, Zepto/blinkit unlike Amazon/flipkart."
Reddit,https://www.reddit.com/r/ps5india/comments/1ldesep/my_ps5_blinkit_buying_experience_a_wild_ride/,"I actually checked with Croma, Reliance Digital, and a few local gaming stores before placing the order... Blinkit had the best deal, and it made sense to go with them... you're spending ₹52,000 on a PS5, you just want to make sure everything's legit."
Reddit,https://www.reddit.com/r/TwentiesIndia/comments/1tcxd4j/husbands_favourite_hobby_buying_me_toys_from/,My husband loves buying me toys from blinkit🥹. He just randomly orders them for no reason... I also have that blue pengu. Now i want to order another one.
Reddit,https://www.reddit.com/r/IndiaBusiness/comments/1i07eri/quick_commerce_is_also_eating_ecommerce/,I once saw how a PS5 was being delivered in a damn 2 wheeler... It was tied so tight to the bike I could see indents on the box... How do I know it was blink it? Cos the guy behind the handle was wearing the... blinkit tee/jersey.
Reddit,https://www.reddit.com/r/IndianSkincareAddicts/comments/1jxat9e/why_are_people_even_buying_on_nykaa_when_amazon/,"quick commerce apps like Zepto, bb, Blinkit, Swiggy offer better discounts than Nykaa most of the times. Plus you get it delivered almost instantly... I always trust nykaa over amazon, flipkart, myntra 🙌 can't take risk in skincare and makeup."
Reddit,https://www.reddit.com/r/FuckBlinkit/comments/1r4ayp2/blinkit_is_a_scam_tell_me_how_to_go_to_consumers/,i was going to order flowers worth 100 rs from app but saw this and ordered expensive ones in hopes of getting cookie tin. they didn't send cookie tun stating its finished. theyre still running the ads on their portal.
Reddit,https://www.reddit.com/r/delhi/comments/17cf7jf/dont_use_blinkit_unless_you_need_your_groceries/,I had a bad experience with them i brought calculator from them it was fake and copied one nor original some keys were not working on it... Blinkit has inflated prices on so many grocery items.
Reddit,https://www.reddit.com/r/Kochi/comments/1g7w7i3/blinkit_delivering_fake_boat_product/,I ordered Boat Nirvana Ion earpod from Blinkit. They delivered a fake product. The serial number on the product is invalid as per boat official website... customer support kept me on hold for 30 mins and then replied that they deliver only authentic products.
Reddit,https://www.reddit.com/r/delhi/comments/1hnbkug/fraud_and_unprofessionalism_by_blinkit/,The milk sold by Blinkit comes in a completely different packaging... I had stopped ordering milk from Blinkit But today by mistake I ordered two packets... I had ordered items that costed around 2k and when I raised a request on the chat for return they refused thrice.
Reddit,https://www.reddit.com/r/FuckBlinkit/comments/1pj9oli/blinkit_is_fake/,i ordered one [Mamaearth aloe vera gel] from nyka fashion and other from blinkit. both have different packaging and also have different texture and smell. nyka one smells good and that blinkit one... smells plastic... Items in quick commerce are mostly expired but relabelled; or defective batches.
Reddit,https://www.reddit.com/r/IndianBeautyDeals/comments/1rzt21m/fae_beauty_heavy_discount_on_blinkit/,"Received a dirty, used, unsealed product that's expiring next month. Returning it LOL... Same with the lip whips I ordered... expires in Dec."
Reddit,https://www.reddit.com/r/pune/comments/1bbszxo/30_mins_clothes_delivery/,"blinkit already started keeping socks, vests, inners and now also basic t-shirts from brands like adidas and jockey here in pune and they are a 9min delivery company... small things like handkerchief or socks maybe needed."
Reddit,https://www.reddit.com/r/delhi/comments/1hjxd75/wtf_blinkit_this_is_a_scam/,"I ordered roughly 5000 Rs. Worth of stuff and barely got 2000 rs. Worth... when I told him from my balcony that so much stuff was missing, he just told me 'Complaint daal do online' Wtf?!!!"
Reddit,https://www.reddit.com/r/delhi/comments/1skcz85/blinkit_zepto_are_selling_vibrators_for_women_in/,"In Gurugram , the guy just handed me the 'massager' box along with the smokes, no zepto bag either. Otherwise, even if I order a pack of cigarettes, they'll delivery in small bag... you may get it deliver somewhere else and not necessarily your home."
Reddit,https://www.reddit.com/r/india/comments/1l432q9/scam_alert_swiggy_instamart_sold_me_free_not_for/,Get products worth ₹1695 for ₹300... Here's what ₹300 got me: A shampoo sachet... Three 8ml trial-size sunscreen minis. Almost all of them had this printed loud and proud: 'Free sample. Not for sale.'
Reddit,https://www.reddit.com/r/india/comments/1hkqkes/is_zepto_and_other_quick_commerce_selling_fake/,"I did receive fake cetaphil face wash from Blinkit, so I don't trust these quick commerce, don't use it for such products unless it's an emergency... it had a very different consistency than what I bought from the store."
